Feature,Importance
st_slope,0.21249759229539925
max_heart_rate,0.11977492535227865
oldpeak,0.1132602310480501
chest_pain_type,0.1113769410402803
exercise_angina,0.10369921059056468
age,0.09962569004558948
cholesterol,0.07696154196705783
resting_bp_s,0.06768294847127028
sex,0.03919684784630066
resting_ecg,0.025314988900651286
chol_category_High,0.011884981672770521
fasting_blood_sugar,0.011425379297066758
chol_category_Normal,0.007298721472720072
