{
    "Model": "Random Forest",
    "Accuracy": 0.8849,
    "5Fold_CV_Accuracy": 0.8552,
    "ROC_AUC": 0.9303,
    "Classification_Report": {
        "0.0": {
            "precision": 0.927536231884058,
            "recall": 0.8533333333333334,
            "f1-score": 0.8888888888888888,
            "support": 75.0
        },
        "1.0": {
            "precision": 0.8428571428571429,
            "recall": 0.921875,
            "f1-score": 0.8805970149253731,
            "support": 64.0
        },
        "accuracy": 0.8848920863309353,
        "macro avg": {
            "precision": 0.8851966873706004,
            "recall": 0.8876041666666667,
            "f1-score": 0.884742951907131,
            "support": 139.0
        },
        "weighted avg": {
            "precision": 0.8885472988069172,
            "recall": 0.8848920863309353,
            "f1-score": 0.8850710476395003,
            "support": 139.0
        }
    }
}